,name,currentratio,quickratio,cashratio,icratio,sheqratio,adratio,cf_sales,rateofreturn,cf_nm,cf_liabilities,cashflowratio,industry,area,pe,outstanding,totals,totalAssets,liquidAssets,fixedAssets,reserved,reservedPerShare,esp,bvps,pb,timeToMarket,undp,perundp,rev,profit,gpr,npr,holders,roe,net_profit_ratio,gross_profit_rate,net_profits,eps,business_income,bips,arturnover,arturndays,inventory_turnover,inventory_days,currentasset_turnover,currentasset_days,mbrg,nprg,nav,targ,epsg,seg
0,长江通信,3.7629,3.6408,286.931,-18423.0791,94.3581,5.6419,-0.2615,-0.0192,-0.1673,-0.3397,-35.9203,通信设备,湖北,34.58,1.98,1.98,206083.3,39980.55,3964.53,62163.55,3.14,0.2,9.8,2.83,20001222,71882.88,3.63,15.5,-37.26,7.55,100.8,30900.0,12.21,157.28,6.8082,232.3231,1.1733,147.7042,0.7459,1.7831,201.8956,8.5076,42.3151,0.3739,962.8243,-42.038000000000004,-9.96,21.738000000000003,17.3866,-11.3636,22.0298
1,淳中科技,12.034,11.1175,55.0949,-5491.0331,93.5467,6.4533,0.217,0.0739,0.7049,1.1457,118.5246,通信设备,北京,44.53,0.88,1.31,81488.53,61184.67,7767.61,46336.68,3.54,0.141,5.91,4.23,20180202,16039.25,1.22,-0.78,-19.55,68.3,26.17,11473.0,11.23,30.82,72.4121,84.9537,0.6486,275.5571,2.104,3.0427,118.316,1.7708,203.2979,0.6495,554.2725,10.0789,-6.7903,159.0917,144.0416,-49.2308,159.3354
2,亿联网络,14.43,13.6388,149.3025,-5369.2137,93.3182,6.6818,0.3765,0.1823,0.8028,2.728,273.9794,通信设备,福建,26.96,0.75,3.0,393043.41,378221.81,10171.55,140558.31,4.69,0.871,12.46,7.54,20170317,190419.67,6.36,29.25,32.92,65.34,48.96,12878.0,24.33,46.9,61.7882,851.4771,2.8425,1815.3594,6.0603,7.472,48.1799,3.6536,98.53299999999999,0.5608,641.9401,30.8119,44.1252,21.7589,24.0521,-32.4455,21.7589
3,亿通科技,7.8124,7.5424,322.9195,-13.6965,91.1214,8.8786,0.4745,0.1127,12.1928,1.2698,138.6293,通信设备,江苏,379.61,1.86,3.03,53635.68,34480.8,13180.84,3736.85,0.12,0.004,1.63,3.8,20110505,13089.05,0.43,-36.74,-33.6,22.81,4.85,17471.0,1.01,3.89,21.2143,4.979,0.0164,127.9346,0.4226,1.2114,297.1768,5.6794,63.387,0.3652,985.7612,-24.4999,36.1643,-2.0276,-6.789,36.3636,-2.0276
4,天孚通信,8.1147,7.516,143.7292,-2102.3009,89.6988,10.3012,0.306,0.1134,0.9959,1.101,130.7837,通信设备,江苏,38.7,1.64,1.99,123576.32,86203.8,24889.96,40573.51,2.04,0.17,5.56,4.74,20150217,44839.3,2.25,12.99,23.53,55.08,30.27,16168.0,12.65,30.6,51.2742,135.532,0.6812,442.8891,2.2262,3.9402,91.3659,3.5586,101.1634,0.6451,558.053,31.0352,24.3843,32.2669,34.3567,18.6299,32.3591
5,雷科防务,4.3023,3.5312,64.9157,-56415.1634,87.7786,12.2214,0.0253,0.0055,0.16899999999999998,0.0452,4.8131,通信设备,江苏,111.35,10.06,10.81,412438.44,181604.25,17319.26,189957.41,1.76,0.013999999999999999,3.35,1.89,20100528,62036.82,0.57,35.6,-44.73,46.11,8.85,61832.0,3.49,13.7,43.7973,136.2776,0.1195,994.0055,0.8721,1.5212,236.6553,1.4624,246.1707,0.4706,764.9809,29.566,12.3079,8.3388,10.8985,9.0909,8.1257
6,广哈通信,6.9812,5.6495,339.8827,-50.2661,87.0531,12.9469,0.0303,0.0095,0.3897,0.0731,7.5633,通信设备,广东,0.0,0.45,1.44,63073.75,55102.19,5906.46,25584.46,1.77,-0.023,3.86,5.51,20171101,13190.92,0.91,60.93,44.4,46.83,-12.9,16626.0,2.79,7.78,48.1933,15.6195,0.1083,200.7139,1.3919,1.2753,282.2865,0.9571,376.1362,0.3461,1040.1618,-23.1644,-71.7477,0.7354,1.4104,-77.0833,0.7354
7,百邦科技,5.671,5.4327,449.3406,3779.6995,85.5019,14.4981,0.0799,0.1069,1.864,0.7371,77.7119,通信设备,北京,0.0,0.48,0.82,44995.3,34571.75,561.41,21086.88,2.58,-0.059000000000000004,4.88,4.12,20180109,9219.25,1.13,-27.31,-146.6,17.25,-6.4,8633.0,6.7,4.28,23.2849,27.0289,0.3308,630.5567,7.7176,18.3003,19.6718,34.9809,10.2913,2.2491,160.064,-6.6013,-31.8059,98.7779,71.756,-64.9485,98.7779
8,光弘科技,4.9864,4.8105,103.6911,8689.2077,85.3855,14.6145,0.1358,0.1019,0.7923,0.6974,86.4687,通信设备,广东,24.13,1.66,4.61,229055.25,134282.13,74017.92,96979.15,2.1,0.17800000000000002,4.11,4.18,20171229,50266.87,1.09,63.55,280.49,29.96,18.63,31313.0,15.07,17.1,31.9115,273.3183,0.7706,1598.0875,4.5057,5.5106,65.3286,28.3291,12.7078,1.2761,282.1096,25.4275,57.3249,12.78,14.2222,18.4615,12.7778
9,会畅通讯,4.9499,4.9444,354.9211,-404.3479,84.2833,15.7167,0.1785,0.1066,2.4737,0.6782,74.2729,通信设备,上海,31.5,0.61,1.67,149657.38,62787.45,3707.53,72210.2,4.32,0.19699999999999998,5.88,4.22,20170125,9009.87,0.54,119.26,455.84,52.52,26.66,6524.0,5.11,7.21,47.0886,16.1307,0.1218,223.50599999999997,1.6879,3.2919,109.3593,219.7709,1.6381,0.8457,425.6829,-16.3358,-52.9048,9.5227,4.3069,-63.2653,9.5227
10,波导股份,4.3374,4.0524,158.8633,-780.5184,83.5277,16.4723,0.1252,0.0725,2.2969,0.4403,45.7442,通信设备,浙江,0.0,7.68,7.68,102381.5,69677.96,7186.74,45592.21,0.59,-0.005,1.14,3.43,20000706,-42300.8,-0.55,-16.64,-151.26,8.75,-2.58,86654.0,3.78,5.45,7.3974,33.1029,0.0431,607.3818,0.7908,6.8309,52.7017,7.9145,45.4861,0.852,422.5352,-62.5032,,3.9035,-1.0674,-120.0,3.9035
11,新易盛,4.0518,2.8282,99.5711,-242.2102,82.3305,17.6695,0.4219,0.2324,10.0724,1.3154,134.7051,通信设备,四川,42.51,1.61,2.38,141461.66,98269.61,31457.78,39339.0,1.65,0.136,4.91,4.71,20160303,52438.96,2.2,26.13,991.05,29.63,14.48,14057.0,2.8,4.18,19.5088,31.8323,0.1335,759.9503,3.1882,3.734,96.4114,1.6880000000000002,213.2701,0.7671,469.3,-13.3827,-71.3457,4.419,-1.6275,-71.3747,4.419
12,东方通信,4.335,3.2235,155.4853,-1643.9941,81.9493,18.0507,-0.0141,-0.0089,-0.2609,-0.0495,-4.9853,通信设备,浙江,509.44,9.56,12.56,374461.13,290567.84,19824.3,89667.4,0.71,0.011000000000000001,2.46,9.38,19961126,80943.85,0.64,-5.3,-31.14,14.04,3.0,211774.0,4.14,5.29,16.4249,127.4025,0.1014,2404.8225,1.9146,3.0838,116.7391,2.6375,136.4929,0.8384,429.3893,-1.3319,8.8142,1.732,0.8290000000000001,7.7777,1.7358
13,移为通信,4.2595,3.6132,80.6889,-595.1793,81.3931,18.6069,0.2007,0.09,0.7669,0.4837,50.1134,通信设备,上海,50.98,0.97,1.61,106060.67,74024.78,9686.74,45586.53,2.82,0.16699999999999998,5.53,6.16,20170111,25138.06,1.56,79.74,371.28,42.41,20.13,13196.0,14.41,26.16,46.4606,124.6003,0.7715,476.2217,2.9489,6.9036,52.1467,2.4138,149.1424,0.5653,636.83,31.3911,28.5355,12.331,20.4652,25.8565,12.331
14,大富科技,3.2027,2.8081,113.2185,110.1604,80.2769,19.7231,0.0271,0.0074,,0.0375,3.8036,通信设备,深圳,130.02,7.12,7.67,674372.19,427783.09,126909.5,484778.06,6.32,0.028999999999999998,7.0,2.16,20101026,-34815.92,-0.45,30.18,-29.75,19.64,3.78,47712.0,0.46,1.35,13.9218,24.7066,0.0321,1821.4919,2.3732,3.2239,111.666,3.4245,105.1248,0.4361,825.4987,2.3715,,-0.0058,-5.8272,-104.4776,0.5042
15,数码科技,3.2812,2.8976,159.8464,-479.2894,79.9094,20.0906,-0.0908,-0.0308,-1.6925,-0.1533,-15.5324,通信设备,北京,39.56,12.09,14.34,457777.94,297238.19,43774.2,83924.22,0.59,0.037000000000000005,2.6,2.27,20100430,141835.38,0.99,15.05,2.02,41.16,17.3,107710.0,2.28,5.38,35.9281,84.3249,0.0588,1566.2408,1.0925,1.9625,183.4395,2.6478,135.9619,0.5458,659.5823,16.0042,86.9802,5.1222,8.9447,129.434,5.1598
16,天和防务,2.6333,1.8864,79.1125,1465.8528,79.8949,20.1051,-0.8094,-0.1526,,-0.7588,-86.2791,通信设备,陕西,52.94,1.54,2.4,145715.98,71872.85,36621.25,52333.48,2.18,0.09300000000000001,4.47,4.42,20140910,26751.15,1.11,358.46,272.25,49.74,13.59,20605.0,-16.2,-64.47,33.797,-170.2158,-0.7092,263.9872,1.0999,1.2665,284.2479,0.9659,372.7094,0.3333,1080.108,-25.4498,-320.4517,-13.8125,-12.5684,-344.8276,-14.1931
17,华平股份,2.6899,2.1474,56.6001,29.7483,78.2479,21.7521,-0.0853,-0.0247,-3.645,-0.1134,-12.6337,通信设备,上海,0.0,4.88,5.42,152114.86,79801.61,29820.2,24210.76,0.45,-0.022000000000000002,2.2,1.87,20100427,39023.53,0.72,-17.26,-28.01,43.63,-16.68,28867.0,1.23,3.3,36.724000000000004,14.8315,0.0273,448.7886,0.8275,1.6645,216.2812,1.7499,205.726,0.5364,671.1409,-1.4813,-68.5777,0.5585,-2.4214,-56.7398,0.8703
18,*ST凡谷,3.7846,3.1098,163.749,-11316.8636,77.9616,22.0384,0.0486,0.0278,0.3079,0.1259,13.4533,通信设备,湖北,75.38,4.11,5.65,212345.52,168349.0,31173.75,82533.31,1.46,0.051,2.94,5.27,20071207,10588.73,0.19,58.36,169.28,21.7,7.6,37741.0,11.56,15.79,14.175999999999998,188.81,0.3343,1195.0788,2.1164,3.2883,109.4791,3.2258,111.6002,0.7756,464.1568,-16.155,,10.0801,3.5934,-136.7473,10.0801
19,路通视信,3.69,3.2931,15.5257,351.1382,77.6057,22.3943,-0.0246,-0.0101,-0.8724,-0.0452,-4.5989,通信设备,江苏,366.75,0.87,2.0,83059.6,67964.99,9154.5,16954.46,0.85,0.008,3.17,3.49,20161018,23263.99,1.16,-19.34,-71.82,23.41,2.67,17600.0,1.62,3.02,22.9584,10.2566,0.0512,338.795,1.6939,0.8864,406.1372,3.5755,100.6852,0.5041,714.1439999999999,-10.1896,-79.3392,-0.0736,0.4299,-77.1696,0.0406
20,航天发展,2.3834,2.0474,93.2552,3381.2279,77.484,22.516,0.0531,0.02,0.3678,0.0889,9.1198,通信设备,福建,36.33,11.14,16.06,998038.19,562719.63,60885.03,539615.88,3.36,0.064,4.52,2.07,19931130,143510.23,0.89,43.9,41.58,37.85,13.68,96752.0,6.52,12.74,32.5944,448.2568,0.2863,3515.7975,2.2461,2.9157,123.4695,3.9079,92.1211,0.7639,471.2659,49.6127,64.3552,27.3008,22.3746,63.1579,27.3117
21,海格通信,3.6014,2.8448,63.7388,7446.108,76.7909,23.2091,0.1546,0.0546,1.4084,0.2352,29.8619,通信设备,广东,166.29,21.02,23.05,1138520.0,745247.88,117494.82,385192.78,1.67,0.013000000000000001,3.67,2.45,20100831,195457.31,0.85,-1.0,16.45,30.34,4.12,119279.0,5.1,10.57,37.6029,430.1964,0.1864,4069.7959,1.7641,1.6927,212.678,1.4745,244.1506,0.5469,658.2556,21.4114,30.9394,3.1576,-2.6372,46.1538,3.4009
22,神宇股份,2.4988,1.8364,43.2111,5293.8006,76.3259,23.6741,0.111,0.0648,0.9309999999999999,0.2737,30.8961,通信设备,江苏,47.86,0.32,0.8,61986.19,32475.9,23029.53,15894.55,1.99,0.16,6.21,4.94,20161114,23064.07,2.88,-4.28,-8.54,31.29,15.79,12204.0,9.12,11.92,24.3722,44.1385,0.5517,370.1943,4.6274,2.6229,137.2527,3.2335,111.3345,1.0841,332.0727,14.1158,11.0153,8.0697,-1.359,10.0,8.0701
23,万隆光电,3.345,2.8127,41.6678,-8897.35,75.8644,24.1356,0.0404,0.0178,0.8498,0.0738,7.3835,通信设备,浙江,80.97,0.34,0.69,77321.21,62349.9,3009.09,33016.78,4.81,0.09,8.5,3.43,20171019,16148.42,2.35,54.03,403.36,28.63,6.03,13100.0,2.5,4.2,26.6294,14.443,0.2104,343.5382,5.0068,1.3591,264.8812,2.3032,156.3043,0.5518,652.4103,-17.895,-65.0472,2.772,18.6187,-75.6872,0.125
24,中海达,3.1083,2.6645,77.2818,2505.0604,75.6892,24.3108,0.0181,0.0084,0.1616,0.0344,4.2515,通信设备,广东,65.7,4.94,6.69,296052.03,182524.69,21149.27,89481.56,1.34,0.033,2.76,3.18,20110215,48027.39,0.72,12.42,4.92,50.77,8.27,46701.0,5.24,7.4,52.3521,95.4156,0.2135,1288.8079,2.8838,2.3715,151.8027,2.6929,133.6849,0.7883,456.6789,26.2558,65.4367,10.3343,11.8148,41.4602,7.3826
25,鼎信通讯,3.49,2.511,21.0172,2206.9591,74.0065,25.9935,0.087,0.0433,0.7445,0.1665,25.3273,通信设备,山东,202.41,0.73,4.7,337736.41,191901.88,66420.7,114171.63,2.43,0.03,6.0,3.62,20161011,109022.97,2.32,-16.21,-58.44,39.48,5.52,24700.0,7.85,11.69,50.8846,203.9268,0.4502,1744.1689999999999,3.8511,2.3878,150.7664,1.618,222.4969,0.9235,389.8213,15.1534,-33.5071,22.7812,29.6033,-31.8841,22.7812
26,吉大通信,3.3537,2.6052,114.5333,-3568.3078,73.2462,26.7538,0.0343,0.0141,0.3359,0.0527,5.2729,通信设备,吉林,332.32,1.36,2.4,104622.2,93467.71,3721.96,21331.72,0.89,0.012,3.2,5.07,20170123,28294.01,1.18,9.39,3.92,21.08,3.95,37553.0,5.73,10.2,25.9519,43.8821,0.1828,429.7961,1.7908,1.1395,315.928,1.733,207.7323,0.4634,776.8666,-2.0523,4.7534,5.481,8.5514,0.0,5.481
27,金溢科技,2.81,2.5036,109.0985,-132.6951,72.3126,27.6874,-0.0465,-0.0203,-1.6902,-0.0734,-7.5248,通信设备,深圳,98.72,0.45,1.18,137369.13,104332.88,20091.34,63015.38,5.35,0.08,8.64,3.64,20170515,22535.1,1.91,-3.41,35.85,41.23,6.46,13935.0,2.14,3.58,38.3906,21.6491,0.1837,604.0581,5.1278,2.258,159.4331,3.4162,105.3802,0.5312,677.7108,-2.9859,-81.0808,-1.8394,0.1864,-78.8235,-1.3388
28,中国海防,3.0816,2.639,134.2076,-1980.2815,72.2752,27.7248,-0.4181,-0.0995,-2.1718,-0.3589,-41.7401,通信设备,北京,227.93,3.29,3.95,145919.75,107161.82,29903.5,41715.71,1.06,0.027999999999999997,2.72,9.41,19961104,23819.06,0.6,14.14,278.4,48.89,19.22,13441.0,6.33,19.25,49.7135,67.4932,0.1709,350.5586,0.8879,1.0114,355.9423,1.203,299.2519,0.3017,1193.2383,-3.3609,-24.9405,-7.6408,-8.8066,-74.7147,-3.1966
29,科信技术,2.5522,2.258,106.1609,-434.5053,72.265,27.735,0.0339,0.018000000000000002,1.1008,0.0648,6.8721,通信设备,深圳,0.0,0.72,2.08,94984.15,61245.88,27168.55,25612.7,1.23,-0.08900000000000001,3.52,4.24,20161122,23277.11,1.12,-63.56,-327.89,28.82,-39.94,19995.0,2.26,3.07,33.019,16.7025,0.0803,542.6202,2.6087,1.8583,193.7254,2.9743,121.0369,0.6939,518.8067,-19.1919,-71.6044,-0.978,-7.4943,-78.3784,-0.978
30,振芯科技,3.9843,3.1726,165.0826,918.0831,71.2386,28.7614,0.196,0.0563,4.3295,0.1956,31.2529,通信设备,四川,428.86,5.5,5.59,147623.59,101904.43,7454.31,12259.88,0.22,0.006,1.67,6.2,20100806,25619.57,0.46,-1.87,-86.82,37.08,3.33,66506.0,1.73,3.64,47.4657,16.17,0.0289,443.56300000000005,0.7929,1.2589,285.9639,1.0562,340.8445,0.436,825.6881,0.5389,-52.1274,15.5885,21.0223,-46.9945,7.5779
31,辉煌科技,3.0404,2.6011,98.3729,471.2307,71.2273,28.7727,0.0312,0.0081,0.4789,0.027999999999999997,3.3192,通信设备,河南,115.59,3.24,3.77,187344.88,130790.1,13524.2,66625.86,1.77,0.013999999999999999,3.81,1.7,20090929,32230.96,0.86,12.21,71.25,45.63,6.19,43562.0,1.94,5.24,47.3355,27.733,0.0736,528.7082,1.4036,0.9651,373.0183,1.3508,266.5087,0.3277,1098.5658,-3.325,,3.3232,-8.8884,-118.2676,2.9158
32,辉煌科技,3.0404,2.6011,98.3729,471.2307,71.2273,28.7727,0.0312,0.0081,0.4789,0.027999999999999997,3.3192,通信设备,河南,115.59,3.24,3.77,187344.88,130790.1,13524.2,66625.86,1.77,0.013999999999999999,3.81,1.7,20090929,32230.96,0.86,12.21,71.25,45.63,6.19,43562.0,1.94,5.24,47.3355,27.733,0.0736,528.7082,1.4036,0.9651,373.0183,1.3508,266.5087,0.3277,1098.5658,-3.325,,3.3232,-8.8884,-118.2676,2.9158
33,奥维通信,3.2577,1.8991,72.6755,-14191.4733,71.1581,28.8419,0.2243,0.0717,,0.2486,25.846,通信设备,辽宁,0.0,3.06,3.57,78715.53,71477.97,4142.7,16615.45,0.47,-0.006999999999999999,1.54,5.51,20080512,-484.57,-0.01,-10.05,-184.65,11.35,-5.75,35860.0,-24.11,-53.67,12.2324,-132.8613,-0.3723,247.5284,0.6937,0.8634,416.9562,0.8079999999999999,445.5446,0.3046,1181.8779,-50.8256,-1490.3145,-19.8494,-22.246,-1489.5522,-19.8494
34,通宇通讯,2.8654,2.3972,137.4899,-116.7686,70.3855,29.6145,0.0168,0.0075,0.4193,0.0252,2.7187,通信设备,广东,0.0,1.71,3.38,295082.91,236711.0,41422.32,74436.0,2.2,-0.054000000000000006,5.7,3.71,20160328,84895.65,2.51,37.81,-81.83,25.96,-4.66,28058.0,2.28,3.51,27.829,44.4245,0.1972,1264.853,5.6159,2.2731,158.374,2.4499,146.9448,0.5398,666.9137,-17.6155,-55.0439,1.7744,-4.4057,-59.1837,1.7152
35,瀛通通讯,2.1484,1.6471,51.7552,-1155.5901,69.5775,30.4225,0.0083,0.0052,0.1176,0.0171,1.7530000000000001,通信设备,湖北,101.69,0.5,1.23,139123.02,85722.99,28680.3,42653.96,3.48,0.049,8.38,2.38,20170413,45272.21,3.69,48.0,15.85,20.1,2.5,11600.0,6.47,7.19,25.2381,64.4901,0.5255,896.4484,7.3061,3.3946,106.0508,4.1698,86.3351,0.9999,360.036,24.2154,-24.9795,-4.4269,20.5045,-30.2632,-4.2706
36,中威电子,2.1629,1.9092,76.4468,-13225.1242,69.192,30.808000000000003,-0.4534,-0.0934,,-0.3033,-33.8365,通信设备,浙江,30.76,1.51,3.03,146825.81,90740.45,25020.75,50649.94,1.67,0.06,3.47,2.13,20111012,20866.99,0.69,28.64,119.61,50.42,23.34,17053.0,-3.07,-10.35,32.6748,-31.7628,-0.1048,306.8041,1.0132,0.9159999999999999,393.0131,2.2385,160.822,0.4331,831.2168,-24.3906,-174.6248,52.0765,34.186,-164.7059,51.9165
37,佳创视讯,1.9862,1.787,21.6951,225.7659,68.6341,31.3659,-0.2662,-0.106,-9.6679,-0.3379,-34.7008,通信设备,深圳,0.0,3.19,4.13,79041.95,47618.85,1204.49,9648.55,0.23,-0.027999999999999997,1.3,4.26,20110916,114.03,0.0,-63.83,-258.58,27.62,-35.91,21071.0,1.93,3.3,31.6383,10.5968,0.0256,320.6015,0.7759999999999999,0.9896,363.7833,3.3571,107.2354,0.5957,604.331,31.8338,,1.4837,-11.5704,-114.2778,1.2158
38,金亚科技,0.6012,0.5876,5.4809,-221735.7799,68.5908,31.4092,-2.0073,-0.1205,,-0.3836,-39.2333,通信设备,四川,0.0,3.44,3.44,21287.9,3737.84,10719.53,36319.64,1.06,-0.025,0.41,0.0,20091030,-56557.3,-1.64,-94.06,-113.72,-177.78,-1544.45,44900.0,-15.43,-176.37,-18.2408,-23.2068,-0.0674,13.1574,0.0382,0.4426,813.3755,11.6949,30.7826,0.1775,2028.1689999999999,-42.5924,,-13.3708,-29.495,-87.5805,-13.3708
39,高新兴,1.7869,1.5419999999999998,63.8313,-655.1665,68.0093,31.9907,-0.0435,-0.0186,-0.2835,-0.057999999999999996,-6.4685,通信设备,广东,25.11,13.2,17.64,888194.81,452873.81,15971.42,259351.8,1.47,0.076,3.25,2.35,20100728,152667.81,0.87,25.94,10.89,32.08,13.26,56209.0,9.64,15.14,35.2123,539.5681,0.3057,3562.8328,2.0191,2.6049,138.2011,3.1228,115.2812,0.8325,432.4324,59.2669,36.6506,10.1796,10.8651,-18.4211,10.4846
40,苏州科达,3.0772,2.3288,44.5213,-53707.0559,68.0049,31.9951,0.0081,0.0077,0.0622,0.0242,2.745,通信设备,江苏,36.13,3.33,5.04,264433.44,225034.8,20994.78,40444.51,0.8,0.1,3.63,3.97,20161201,112424.82,2.23,20.72,27.97,64.09,8.86,18395.0,18.58,13.12,60.3835,321.9529,0.894,2453.6385,6.8139,3.5296,101.9946,1.8321,196.4958,1.2469,288.716,34.4138,18.9245,26.5341,32.6852,-15.7788,24.8103
41,中嘉博创,1.3699,1.3386,51.0585,2449.1837,67.6482,32.3518,-0.0295,-0.0168,-0.3532,-0.0518,-5.8458,通信设备,河北,34.43,6.22,6.69,529317.88,207162.8,7635.53,176904.3,2.64,0.078,5.44,1.98,19971218,111243.61,1.66,39.92,-19.91,15.7,6.33,18000.0,7.01,8.34,19.8205,252.8835,0.3779,3030.7589,4.5295,3.4767,103.5465,91.5638,3.9317,1.7596,204.592,43.8161,10.6318,35.3839,65.2247,8.5691,35.3839
42,东土科技,2.1121,1.9044,43.8629,479.0351,67.5684,32.4316,-0.1013,-0.0288,-1.0438,-0.0888,-13.3855,通信设备,北京,7.99,3.66,5.17,358248.59,176588.16,12471.88,131597.05,2.55,0.395,4.78,2.64,20120927,59540.78,1.15,-22.58,1534.21,39.28,153.31,57017.0,4.23,9.94,49.7912,94.9111,0.1836,954.5216,1.8464,1.3602,264.66700000000003,3.4517,104.2964,0.6771,531.6792,16.2559,-25.7379,0.9428,10.003,-25.0306,1.1737
43,东土科技,2.1121,1.9044,43.8629,479.0351,67.5684,32.4316,-0.1013,-0.0288,-1.0438,-0.0888,-13.3855,通信设备,北京,7.99,3.66,5.17,358248.59,176588.16,12471.88,131597.05,2.55,0.395,4.78,2.64,20120927,59540.78,1.15,-22.58,1534.21,39.28,153.31,57017.0,4.23,9.94,49.7912,94.9111,0.1836,954.5216,1.8464,1.3602,264.66700000000003,3.4517,104.2964,0.6771,531.6792,16.2559,-25.7379,0.9428,10.003,-25.0306,1.1737
44,润建股份,2.9425,2.4491,107.072,2605.4769,67.2083,32.7917,0.0529,0.0437,0.8303,0.1332,13.319,通信设备,广西,36.24,0.77,2.21,411118.13,397596.06,6108.33,140630.59,6.37,0.218,12.14,2.6,20180301,90761.78,4.11,13.86,22.77,19.46,6.42,35452.0,7.82,6.37,20.0014,205.8777,0.9326,3231.6801,14.6397,2.3413,153.7607,4.2109,85.4924,1.0687,336.8579,16.3147,-14.0026,121.12,63.9687,-33.1034,121.12
45,银河电子,2.1945,1.7952,20.1,-3171.2991,66.1536,33.8464,0.0221,0.0093,,0.0273,2.877,通信设备,江苏,36.98,8.32,11.26,356021.94,243183.88,58145.45,187020.84,1.66,0.031,2.15,2.12,20101207,-45321.73,-0.4,-14.28,-12.73,38.26,11.71,47072.0,-48.81,-76.78,30.471,-1166.6304,-1.0356,1519.3033,1.3487,1.8655,192.9778,2.1243,169.4676,0.5351,672.7714,-6.4748,-726.5916,-33.8418,-30.2115,-743.75,-33.8908
46,长飞光纤,2.2352,1.9382,80.1236,4258.3399,65.0039,34.9961,0.0498,0.0439,0.3799,0.1254,16.875999999999998,通信设备,湖北,27.24,0.76,7.58,1309726.25,749036.63,215849.52,335350.69,4.42,0.33399999999999996,11.11,3.28,20180720,374644.0,4.94,-35.15,-31.89,27.34,15.85,42854.0,18.18,13.1,28.4198,1489.1851,1.9648,11359.7641,14.9883,4.7219999999999995,76.2389,9.4243,38.1991,1.7866,201.5001,9.5859,20.5294,52.6903,40.5564,12.3656,56.3103
47,北斗星通,2.1034,1.7584,92.2013,684.4339,64.9014,35.0986,0.0833,0.0388,1.9339,0.1106,15.3554,通信设备,北京,0.0,3.0,4.91,613846.38,308674.16,63492.17,319646.34,6.52,-0.034,8.21,2.86,20070813,34627.68,0.71,-5.29,-513.74,28.72,-2.82,76093.0,2.64,3.49,29.9419,106.6579,0.2079,3051.0354,5.9476,2.9317,122.7956,3.8821,92.7333,0.8949,402.2796,38.415,14.3047,-7.5360000000000005,-2.0344,0.0,-7.0226
48,瑞斯康达,2.388,1.9140000000000001,78.1158,751.9175,63.7875,36.2125,0.0263,0.0163,0.5098,0.045,4.5039,通信设备,北京,32.54,2.2,4.21,407883.34,356414.97,27717.58,68512.63,1.63,0.099,5.98,2.16,20170420,123969.55,2.94,60.8,16.38,30.37,5.73,32143.0,5.04,5.18,39.5831,125.147,0.2972,2412.9308,5.7306,1.9538,184.2563,2.0534,175.31900000000002,0.7543,477.2637,14.0416,-37.3593,0.2048,8.9047,-40.0,0.2095
49,佳讯飞鸿,2.0614,1.8603,76.0783,615.5455,63.5596,36.4404,0.0046,0.0018,0.0424,0.005,0.5607,通信设备,北京,140.54,4.44,5.95,305515.72,204073.42,17553.28,75532.31,1.27,0.012,3.24,2.1,20110505,55564.69,0.93,-10.55,-42.67,36.39,3.25,35373.0,6.69,10.69,37.281,130.1058,0.2186,1216.4529,2.0447,1.482,242.915,4.2913,83.8907,0.6055,594.55,3.7377,9.5873,-0.013000000000000001,3.7946,10.0,0.7114
50,华测导航,2.7285,2.3727,90.5201,-2573.4336,63.3469,36.6531,-0.0274,-0.0188,-0.2415,-0.0513,-5.7296,通信设备,上海,65.31,1.03,2.46,134975.25,115006.15,3601.71,38637.59,1.57,0.07400000000000001,3.72,5.21,20170321,32155.63,1.31,21.26,56.06,51.66,9.73,18020.0,12.15,11.04,54.271,105.1449,0.4264,952.0453,3.8615,3.2608,110.4024,3.2974,109.1769,0.8334,431.9654,40.3879,-16.6166,12.047,20.5058,-61.8182,11.8605
51,纵横通信,2.4457,1.8139,77.7017,-11235.0681,62.4191,37.5809,-0.0293,-0.0156,-0.3918,-0.0416,-4.1635,通信设备,浙江,0.0,0.93,1.57,114515.86,99956.57,1266.85,21336.5,1.36,-0.03,4.28,5.35,20170810,29999.9,1.91,16.55,-35.11,13.74,-5.15,24969.0,6.59,7.62,17.2167,44.5225,0.3975,583.7274,5.2118,2.5156,143.107,1.7092,210.6249,0.5802,620.4757,-0.7316,-27.6466,4.9364,7.2274,-55.5556,5.0588
52,国睿科技,2.4958,1.5578,73.12100000000001,-226885.3883,61.9558,38.0442,0.1329,0.0484,3.6674,0.1272,13.0193,通信设备,江苏,131.66,6.02,6.22,287243.5,267192.06,12018.5,35164.96,0.57,0.027999999999999997,2.88,5.07,20030128,71689.82,1.15,17.69,-1.55,22.88,8.4,28100.0,2.12,3.62,18.381,37.8038,0.0607,1043.2967,1.6763,2.0577,174.9526,0.8483,424.3782,0.4045,889.9876,-9.6281,-77.6784,-0.7503,6.6087,-82.8571,-0.7503
53,星网锐捷,2.0549,1.4775,61.1596,-5690.5694,60.927,39.073,0.0651,0.0849,0.7172,0.2173,22.2498,通信设备,福建,0.0,5.49,5.83,609979.19,450883.0,56491.51,68566.65,1.18,-0.011000000000000001,6.29,3.29,20100623,219217.66,3.76,-1.78,7.71,28.64,-0.48,39236.0,15.8,6.36,32.5721,581.3023,0.9966,9131.5718,15.6555,5.6124,64.1437,4.2384,84.9377,1.7182,209.5216,18.5128,18.387,13.732999999999999,8.6833,16.8621,14.8995
54,中天科技,1.7690000000000001,1.3171,57.5712,6487.5046,60.8607,39.1393,0.0702,0.0744,1.1178,0.1901,20.9357,通信设备,江苏,13.77,30.66,30.66,3581144.75,2360332.0,793967.44,761578.88,2.48,0.168,6.59,1.4,20021024,785034.69,2.56,63.4,14.99,10.96,4.76,167368.0,11.0,6.25,14.6753,2121.5643,0.6919,33923.5615,11.0641,5.5859,64.44800000000001,6.3215,56.9485,1.764,204.0816,25.1727,18.5182,9.6505,19.3924,17.0897,9.4499
55,宜通世纪,2.0067,1.6835,35.9678,-49670.5523,60.7837,39.2163,-0.0412,-0.0423,,-0.1078,-11.0042,通信设备,广东,93.9,6.81,8.83,249756.95,189167.61,20892.78,207685.61,2.35,0.02,1.81,4.07,20120425,-139749.45,-1.58,-10.93,-65.95,13.64,2.89,52868.0,-127.58,-76.37,12.1404,-1969.4527,-2.2311,2578.6318,2.9212,2.8349,126.9886,7.1943,50.0396,1.2085,297.8899,-0.1484,-1017.1713,-57.1186,-44.8467,-918.5185,-56.6442
56,润欣科技,2.1199,1.469,42.427,205.5329,60.4517,39.5483,-0.0216,-0.0302,-2.2564,-0.0764,-7.77,通信设备,上海,127.98,4.77,4.77,111783.35,90611.61,231.82,24386.47,0.51,0.015,1.52,5.15,20151210,14373.45,0.3,-9.86,-44.98,9.93,2.18,24633.0,2.16,0.93,9.9804,15.7761,0.0496,1693.1906,5.3237,4.9785,72.3109,5.4081,66.5668,1.6613,216.6978,-7.4511,-70.3679,45.5793,11.003,-72.2222,45.7216
57,万马科技,2.0424,1.7481,18.7723,202.0583,60.0331,39.9669,0.0516,0.0243,3.5915,0.0608,6.0754,通信设备,浙江,0.0,0.45,1.34,60386.76,48929.3,6582.74,16060.01,1.2,-0.009000000000000001,2.83,6.99,20170831,7443.56,0.56,69.94,30.17,23.02,-1.1,16519.0,1.12,1.43,31.7839,4.2863,0.0319,298.5497,2.2279,1.8547,194.1015,2.9960000000000004,120.1602,0.6118,588.4276,-12.5013,-84.3216,0.2847,11.5059,-87.5,0.2847
58,上海瀚讯,2.4412,2.1487,33.1727,2627.3331,59.7299,40.2701,-0.0942,-0.0389,-0.3967,-0.0966,-9.8217,通信设备,上海,0.0,0.33,1.33,146087.27,142634.81,779.59,73321.38,5.5,-0.036000000000000004,8.24,7.1,20190314,20670.92,1.55,0.0,0.0,51.57,-11.17,63411.0,16.72,24.09,71.6598,102.5944,1.0259,425.7568,4.2575,0.8022,448.7659,1.2085,297.8899,0.4875,738.4615,10.2811,53.7236,19.654,31.1454,53.7313,20.083
59,星网宇达,1.9459,1.4578,36.5007,840.2934,59.6956,40.3044,-0.1264,-0.031,-1.1649,-0.077,-11.4002,通信设备,北京,204.92,0.61,1.61,161560.63,84674.43,23454.06,45191.75,2.81,0.025,5.33,3.89,20161213,32816.51,2.04,-0.32,8.55,49.51,5.1,13420.0,2.17,4.6,48.5014,18.5131,0.1153,402.3204,2.5058,1.1548,311.7423,0.9284,387.7639,0.4157,866.0091,-1.7702,-48.2044,9.2315,-1.5405,-70.7317,9.1305
60,南京熊猫,1.8769999999999998,1.5239,58.9411,3917.3017,59.6945,40.3055,0.0101,0.0074,0.2144,0.0183,1.8537,通信设备,江苏,221.14,6.72,9.14,633429.88,475599.25,86174.13,147069.19,1.61,0.015,3.81,3.42,19961118,83851.65,0.92,4.03,-49.19,13.57,1.25,63000.0,4.66,3.59,16.067,161.9596,0.1772,4500.5057,4.9248,3.9377,91.4239,5.1787,69.5155,1.0091,356.7535,7.3612,36.0904,3.3664,9.1627,50.8085,3.1166
61,天邑股份,2.2897,1.5354,58.3464,2844.6,59.5194,40.4806,0.0551,0.0518,1.0049,0.128,12.8342,通信设备,四川,36.03,0.99,2.67,258722.75,235152.41,16381.8,75965.82,2.84,0.187,6.75,4.0,20180330,70109.9,2.62,6.97,-4.26,17.92,7.07,33525.0,8.66,5.48,16.4969,152.1787,0.569,2775.0059,10.3774,5.1499,69.9043,2.3657,152.1748,1.2268,293.4464,17.8409,-33.8205,107.0283,49.931000000000004,-46.7992,107.0283
62,东信和平,2.1289,1.3849,106.9918,-788.7142,59.2412,40.7588,0.0807,0.0564,2.3932,0.1384,15.4997,通信设备,广东,174.48,4.46,4.46,205493.67,167870.11,20567.97,51100.73,1.14,0.018000000000000002,3.09,4.17,20040713,34126.87,0.76,4.24,3.23,26.9,3.25,88664.0,4.03,3.4,25.871,39.2069,0.1132,1152.7133,3.3284,9.0038,39.9831,2.102,171.2655,0.9470000000000001,380.1478,-3.1179,3.7475,3.3515,6.256,0.0,3.3772
63,友讯达,2.3397,1.9876,74.8859,422398.6395,59.2214,40.7786,0.0615,0.048,0.8167,0.1178,11.8827,通信设备,深圳,0.0,0.9,2.0,86600.17,77437.11,2326.06,11389.96,0.57,-0.035,2.61,5.07,20170426,18259.84,0.91,1.05,-185.86,27.63,-6.68,19700.0,9.92,7.52,36.7095,52.4893,0.2624,697.4911,3.4874,2.2704,158.5624,2.8516,126.2449,0.8744,411.7109,16.0546,-26.9579,8.7467,15.1543,-66.5263,8.7467
64,中际旭创,1.4501,0.7111,36.3094,977.3162,59.1134,40.8866,0.128,0.0817,1.0592,0.1998,23.0169,通信设备,山东,59.36,3.05,7.14,948471.19,553844.94,154046.92,519651.16,7.28,0.139,8.98,3.69,20120410,94994.38,1.33,-37.39,-32.66,28.11,11.36,17498.0,13.04,12.08,27.2742,623.116,1.3105,5156.3142,10.8449,5.5664,64.6738,1.8346,196.2281,1.2181,295.5422,118.7582,285.8174,19.2374,3.4594,172.0,19.2374
65,美格智能,2.2097,1.7249,29.1215,662.5766,58.9647,41.0353,0.0371,0.0409,0.7866,0.0996,10.037,通信设备,深圳,147.27,0.45,1.81,79466.88,70434.63,6803.22,17149.82,0.95,0.034,2.95,6.83,20170622,16427.25,0.91,53.78,-40.51,18.63,3.33,14205.0,8.81,4.71,16.4594,46.6556,0.2572,989.8279,5.4584,4.4584,80.7465,5.0939,70.6728,1.2962,277.7349,54.0664,-17.1086,7.3283,10.1085,-57.1167,7.3283
66,迪威迅,1.3723,1.1406,16.9118,-661.2784,57.9375,42.0625,-0.0264,-0.0066,,-0.0158,-1.6205,通信设备,深圳,0.0,3.0,3.0,101689.36,59433.01,2198.4,31287.58,1.04,-0.015,1.81,2.67,20110125,-8340.71,-0.28,40.37,-119.1,28.9,-5.5,22000.0,-29.59,-62.41,21.618000000000002,-161.9095,-0.5392,259.3964,0.8639,1.0301,349.4806,2.0171,178.47400000000002,0.3896,924.0246,-53.4692,,-21.7283,-20.5038,2665.6409999999996,-22.8199
67,永鼎股份,1.3083,0.9314,20.8412,1135.3331,57.6272,42.3728,-0.0423,-0.0249,-0.5562,-0.0588,-6.5008,通信设备,江苏,81.6,12.38,12.53,547772.38,266646.03,68887.03,54325.61,0.43,0.015,2.18,2.24,19970929,68808.32,0.55,-2.2,-55.58,8.37,2.9,60881.0,6.97,6.0,14.1349,193.5197,0.1544,3221.2532,2.5708,2.7918,128.9491,4.0668,88.5217,1.1961,300.9782,12.2698,-27.0876,5.4029,15.9638,-48.3871,4.8911
68,卓翼科技,1.1787,0.8871,32.4649,-378.9038,57.1254,42.8746,0.0269,0.0244,,0.0568,6.2984,通信设备,深圳,190.3,4.2,5.79,329335.56,140495.67,120974.86,130041.65,2.25,0.01,3.42,2.32,20100316,4951.05,0.09,-27.04,-47.63,14.77,1.06,48000.0,-5.17,-3.26,7.4595,-102.8047,-0.1772,3144.6162,5.422000000000001,6.3605,56.5993,5.4432,66.1376,1.6187,222.4007,13.8014,-1009.0479,-6.6166,-14.7828,-550.0,-6.4705
69,富春股份,1.0897,1.0897,17.5553,288.2321,56.946999999999996,43.053000000000004,0.0775,0.0196,0.745,0.0454,5.4647,通信设备,福建,107.2,6.18,7.26,222227.05,84866.21,2307.58,43396.35,0.6,0.017,1.74,4.16,20120319,8203.46,0.11,-18.35,-36.4,58.01,10.72,41018.0,4.63,10.44,57.9462,57.994,0.0796,555.2471,0.7627,2.0408,176.4014,,,0.6712,536.3528,4.6952,,0.6321,-8.1931,-126.6667,0.4626
70,富春股份,1.0897,1.0897,17.5553,288.2321,56.946999999999996,43.053000000000004,0.0775,0.0196,0.745,0.0454,5.4647,通信设备,福建,107.2,6.18,7.26,222227.05,84866.21,2307.58,43396.35,0.6,0.017,1.74,4.16,20120319,8203.46,0.11,-18.35,-36.4,58.01,10.72,41018.0,4.63,10.44,57.9462,57.994,0.0796,555.2471,0.7627,2.0408,176.4014,,,0.6712,536.3528,4.6952,,0.6321,-8.1931,-126.6667,0.4626
71,富春股份,1.0897,1.0897,17.5553,288.2321,56.946999999999996,43.053000000000004,0.0775,0.0196,0.745,0.0454,5.4647,通信设备,福建,107.2,6.18,7.26,222227.05,84866.21,2307.58,43396.35,0.6,0.017,1.74,4.16,20120319,8203.46,0.11,-18.35,-36.4,58.01,10.72,41018.0,4.63,10.44,57.9462,57.994,0.0796,555.2471,0.7627,2.0408,176.4014,,,0.6712,536.3528,4.6952,,0.6321,-8.1931,-126.6667,0.4626
72,富春股份,1.0897,1.0897,17.5553,288.2321,56.946999999999996,43.053000000000004,0.0775,0.0196,0.745,0.0454,5.4647,通信设备,福建,107.2,6.18,7.26,222227.05,84866.21,2307.58,43396.35,0.6,0.017,1.74,4.16,20120319,8203.46,0.11,-18.35,-36.4,58.01,10.72,41018.0,4.63,10.44,57.9462,57.994,0.0796,555.2471,0.7627,2.0408,176.4014,,,0.6712,536.3528,4.6952,,0.6321,-8.1931,-126.6667,0.4626
73,光迅科技,1.8997,1.3182,37.5179,-689.2367,56.6835,43.3165,0.0575,0.0466,0.9151,0.1076,11.6141,通信设备,湖北,70.45,6.29,6.77,604040.44,456905.56,103555.9,132984.86,1.96,0.1,5.34,4.98,20090821,150968.63,2.23,0.99,-17.8,17.81,5.24,52407.0,9.8,6.75,19.8243,332.7153,0.5146,4929.0493,7.624,3.5499,101.4113,2.9858,120.5707,1.1419,315.264,8.2578,-5.3595,8.7508,17.7983,0.0,9.6964
74,共进股份,1.6189,1.3475,10.4784,-279.1845,56.2787,43.7213,0.0619,0.0637,2.6622,0.1457,16.1024,通信设备,深圳,20.04,7.76,7.76,808810.75,507750.44,167533.42,264008.28,3.4,0.11,5.92,1.49,20150225,105441.67,1.36,20.53,8634.76,14.48,4.19,48096.0,4.26,2.3,12.6657,192.4141,0.2461,8333.94,10.6597,5.0138,71.8018,8.7883,40.9636,1.5938,225.8753,10.3055,94.8593,4.8929,12.0895,92.3077,3.7712
75,富通鑫茂,1.5483,1.1539,42.7404,972.0604,55.0443,44.9557,0.0442,0.0384,1.0871,0.0855,11.1009,通信设备,天津,84.19,12.08,12.08,284740.5,145022.8,53713.8,12528.15,0.1,0.013000000000000001,1.11,4.02,19970929,-283.98,0.0,-30.46,-23.94,20.73,4.62,76300.0,5.05,2.5,14.3189,66.6692,0.0551,2663.7202,2.2042,7.21,49.9307,6.5312,55.12,1.6614,216.6847,29.5227,-21.1017,-18.0246,15.443,-20.6897,-25.1996
76,中富通,1.5457,1.4983,34.9449,2660.9258,54.9703,45.0297,0.1108,0.0578,0.8855,0.1283,13.0444,通信设备,福建,124.63,0.67,1.58,99024.2,65956.9,9201.96,9575.73,0.61,0.048,3.43,7.02,20161101,25988.42,1.65,29.82,-16.78,27.42,5.15,13741.0,10.96,10.66,29.9512,58.5061,0.3708,548.3614,3.4757,1.2768,281.9549,33.0362,10.8971,0.9059,397.3949,40.5602,75.8046,19.5483,78.484,0.0,10.3418
77,中通国脉,1.5476,1.2423,22.9459,2678.8727,54.0305,45.9695,-0.1621,-0.0731,-2.3912,-0.159,-16.0012,通信设备,吉林,0.0,0.84,1.43,159945.36,113072.9,7945.75,45252.35,3.16,-0.038,6.01,3.55,20161202,20918.89,1.46,-1.18,-1064.65,16.03,-7.22,31685.0,5.69,6.81,19.8385,49.2766,0.3438,722.5954,5.042,1.3054,275.7775,3.0339,118.6592,0.7607,473.2483,33.1264,77.0755,61.2608,79.8383,70.6161,61.2642
78,盛路通信,2.2525,1.8374,89.2911,954.0739,52.3862,47.6138,-0.008,-0.0021,-0.0957,-0.0044,-0.8278,通信设备,广东,32.31,5.96,8.83,529649.5,295242.34,28255.26,195362.44,2.21,0.076,4.0,2.46,20100713,62811.28,0.71,8.65,11.93,31.57,16.65,68849.0,4.28,8.54,31.9681,121.1315,0.1589,1417.3843,1.8598,2.2217,162.0381,2.0267,177.6287,0.5914,608.7251,47.9292,30.0741,11.9085,58.7724,23.0769,12.0018
79,高斯贝尔,1.4229,1.0583,8.4638,2099.3873,51.708999999999996,48.291000000000004,-0.0696,-0.0472,,-0.0978,-10.1459,通信设备,湖南,0.0,0.88,1.67,110866.42,72448.63,15281.74,13402.07,0.8,-0.16699999999999998,3.46,3.77,20170213,24618.35,1.47,-26.44,-12.73,5.25,-22.93,32439.0,-12.34,-9.4,13.7879,-74.3785,-0.4449,790.957,4.732,1.5044,239.2981,3.2926,109.3361,0.8658,415.8004,-26.6363,-596.3673,-6.822,-12.0396,-575.9358,-6.822
80,烽火电子,1.8635,1.3435,41.8833,2491.4381,51.6524,48.3476,0.0718,0.0302,0.8862,0.0625,7.1554,通信设备,陕西,0.0,5.94,6.05,298486.16,235237.8,26977.5,21084.03,0.35,-0.03,2.24,3.11,19940509,59786.01,0.99,-2.28,6.22,37.48,-10.4,51597.0,6.29,7.06,44.0007,86.5054,0.14300000000000002,1223.7758,2.0235,1.8235,197.4225,1.138,316.3445,0.5489999999999999,655.7377,0.5801,11.5592,7.2216,4.7678,25.0,7.4261
81,信维通信,1.8323,1.579,44.3565,2576.3668,51.3379,48.6621,0.1294,0.0844,0.6153,0.1734,28.8367,通信设备,深圳,23.9,8.1,9.76,750872.44,388084.44,84233.18,27450.35,0.28,0.247,4.01,5.89,20101105,263305.97,2.7,26.92,14.85,36.53,22.04,78965.0,26.82,20.98,36.5115,987.8004,1.0125,4706.9094,4.8246,2.688,133.9286,6.8059,52.8953,1.2506,287.8618,37.0372,11.1477,33.2571,35.3195,10.8799,33.4323
82,通鼎互联,1.2336,0.9486,38.8176,402.2815,49.8458,50.1542,0.0275,0.0118,0.21600000000000003,0.0235,2.8114,通信设备,江苏,108.68,11.77,12.62,1018844.81,543971.94,179506.61,134207.31,1.06,0.018000000000000002,4.08,1.96,20101021,235071.55,1.86,-22.19,-84.86,24.47,2.74,83100.0,11.01,12.69,29.5082,564.5289,0.4474,4445.3832,3.5237,2.4659,145.9913,2.6933,133.665,0.9057,397.4826,5.0376,-8.3808,10.8606,19.6914,-6.3808,11.9567
83,贝通信,1.7691,1.5732,59.6198,2339.291,49.4996,50.5004,0.1022,0.0586,1.2276,0.1159,11.5947,通信设备,湖北,500.79,0.84,3.38,278926.09,246751.42,18372.32,74239.45,2.2,0.013999999999999999,4.5,6.4,20181115,39573.56,1.17,0.0,0.0,16.15,2.14,53700.0,9.64,8.33,21.0085,145.9591,0.4321,1750.8276,5.1836,1.1948,301.3057,5.1262,70.2275,0.8112,443.787,28.6948,24.0156,100.0115,59.147,20.5851,99.9939
84,金信诺,1.3185,1.1525,34.1191,422.4055,49.3682,50.6318,0.11199999999999999,0.0572,1.8737,0.113,11.775,通信设备,深圳,77.49,3.88,5.78,527863.31,337311.91,61507.8,114242.52,1.98,0.035,4.15,2.63,20110818,65387.16,1.13,-6.42,-59.41,18.33,3.41,28508.0,5.52,5.07,23.8858,131.5767,0.2277,2593.0184,4.4877,2.1675,166.09,4.4182,81.4811,0.7402,486.355,13.4072,-4.3636,-3.3858,-13.6595,-20.6897,4.9118
85,七一二,1.7132,0.9104,22.3713,942.8576,47.6141,52.3859,0.0741,0.0255,0.5359,0.0486,5.1055,通信设备,天津,519.2,3.66,7.72,485993.0,417681.69,53942.43,93482.92,1.21,0.011000000000000001,2.93,7.53,20180226,49044.05,0.64,25.27,160.18,49.81,3.08,50428.0,9.98,13.83,46.0376,224.9266,0.2913,1625.5504,2.1056,1.4883,241.8867,0.534,674.1573,0.4676,769.8888,9.449,15.8029,36.2086,31.035,3.4483,36.2086
86,四川九洲,1.7162,1.4376,29.9241,371.0472,44.9202,55.0798,0.0211,0.0148,0.882,0.0268,2.8588,通信设备,四川,217.34,10.23,10.23,537904.44,477323.06,34559.84,27729.85,0.27,0.006999999999999999,2.36,2.58,19980506,104778.74,1.02,-6.14,70.08,18.92,1.06,54422.0,3.68,2.33,19.2737,88.7801,0.0868,3794.9675,3.7103,1.5132,237.9064,4.0289,89.3544,0.8293,434.101,19.8979,11023.9295,2.7704,8.3437,1122.5352,3.1063
87,广和通,1.6645,1.4741,48.3065,2397.686,44.7059,55.2941,-0.0072,-0.0089,-0.1029,-0.0161,-1.631,通信设备,深圳,37.79,0.4,1.21,104307.68,96405.13,2062.28,15457.37,1.28,0.317,4.05,11.82,20170413,21453.25,1.77,94.12,476.25,26.27,9.26,12233.0,19.35,6.94,23.1944,86.7969,0.7162,1249.1011,10.307,4.6829,76.8754,10.4176,34.5569,1.7045,211.2056,121.7453,97.9072,21.7166,63.2752,24.1379,21.7166
88,汇源通信,1.5995,1.2988,35.4222,47.9517,43.5643,56.4357,-0.0093,-0.0066,,-0.0117,-1.2505,通信设备,四川,0.0,1.93,1.93,57385.55,48367.73,4395.25,6471.58,0.33,-0.008,1.21,11.77,19951220,-4138.49,-0.21,2.52,64.4,26.36,-2.14,24800.0,-1.23,-0.67,21.6371,-2.897,-0.0149,426.7073,2.2058,1.8417,195.4716,3.5428,101.6145,0.8717,412.9861,9.3185,-297.3655,-0.5823,6.9043,-475.0,-1.0782
89,盛洋科技,0.8147,0.4917,14.7729,-1115.4138,42.5231,57.4769,0.1054,0.0498,,0.0867,8.8843,通信设备,浙江,492.15,1.09,2.3,126727.35,58932.98,35606.73,8562.71,0.37,0.006,1.9,6.2,20150423,9366.03,0.41,-0.19,126.99,24.63,0.8,15650.0,-20.56,-15.09,17.238,-89.9094,-0.3914,595.6075,2.5929,2.2479,160.1495,2.2688,158.6742,0.924,389.6104,-30.7416,-454.9852,-0.6899,16.7691,-454.5455,-18.1776
90,华脉科技,1.2441,1.1155,21.9973,-887.5259,41.6637,58.3363,-0.0518,-0.0251,,-0.043,-4.9603,通信设备,江苏,0.0,1.01,1.36,219227.34,134740.27,29883.28,50820.3,3.74,-0.065,5.7,2.81,20170602,11189.08,0.82,-34.08,-206.47,23.56,-4.21,15904.0,-14.07,-10.71,23.8661,-110.3436,-0.7957,1030.1461,7.4287,1.2938,278.2501,5.5124,65.3073,0.7965,451.9774,-10.8386,-244.3073,1.1655,40.981,-231.8039,-10.5258
91,剑桥科技,1.13,0.7227,11.692,-284.3094,41.0876,58.9124,-0.053,-0.0609,-2.1775,-0.1034,-10.6353,通信设备,上海,0.0,0.66,1.29,271429.0,174940.67,44224.4,58079.75,4.51,-0.033,8.74,3.51,20171110,39155.12,3.04,1.07,89.73,13.86,-0.61,16024.0,6.8,2.43,11.6307,76.7775,0.5961,3156.3242,24.5094,4.7165,76.3278,4.6726,77.0449,1.8194,197.8674,26.9364,26.6945,6.1668,16.7084,-25.0,6.1668
92,合众思壮,1.1149,0.9932,26.8285,200.9605,40.9366,59.0634,-0.111,-0.0264,-1.3405,-0.0448,-4.8858,通信设备,北京,0.0,4.86,7.45,907996.63,524856.38,46349.92,247776.63,3.33,-0.038,5.16,2.05,20100402,65907.31,0.88,-66.18,-152.42,55.42,-9.48,42600.0,4.95,8.32,44.3135,191.4581,0.2569,2299.9914,3.0865,1.8664,192.8847,1.8593,193.6213,0.4134,870.8273,0.5371,-22.0466,4.7084,15.9716,-21.445999999999998,4.591
93,海能达,1.1713,0.8732,18.8857,317.6984,40.8469,59.1531,0.013999999999999999,0.0065,0.2031,0.0109,1.5055,通信设备,深圳,0.0,10.47,18.37,1442491.38,702720.94,140989.22,276384.75,1.5,-0.054000000000000006,3.25,2.56,20110527,138241.86,0.75,-10.72,3.97,45.97,-9.14,38847.0,7.79,6.87,47.3042,476.8056,0.2595,6934.5337,3.7744,1.9529,184.3412,2.0204,178.1825,0.9506,378.7082,29.5803,94.7238,8.2181,7.4675,85.7143,8.2185
94,同洲电子,1.2376,1.148,58.2225,-1469.2959,39.3638,60.6362,0.0024,0.0013,,0.0021,0.2102,通信设备,深圳,77.72,7.46,7.46,160751.77,122495.32,22167.89,87718.61,1.18,0.013999999999999999,0.82,5.43,20060627,-110397.55,-1.48,62.28,140.04,24.54,3.53,78550.0,-55.38,-41.46,11.8434,-330.9258,-0.4436,798.1334,1.0699,1.9613,183.5517,5.0384,71.4513,0.6363,565.7709,18.6171,-3802.0089,-35.5375,-16.3655,-4500.0,-35.5375
95,华星创业,1.2924,1.1244,15.9366,73.4644,38.3286,61.6714,0.1314,0.0901,,0.146,15.0035,通信设备,浙江,0.0,3.89,4.29,198244.5,152689.05,3495.6,3200.53,0.07,-0.017,1.75,3.9,20091030,28023.1,0.65,-28.63,41.16,18.44,-3.17,30858.0,1.44,0.8,15.4547,10.9344,0.0255,1363.9276,3.1828,1.0953,328.6771,5.9411,60.5948,0.7402,486.355,-3.6369,,-4.7086,-33.8819,-108.2258,2.2453
96,华星创业,1.2924,1.1244,15.9366,73.4644,38.3286,61.6714,0.1314,0.0901,,0.146,15.0035,通信设备,浙江,0.0,3.89,4.29,198244.5,152689.05,3495.6,3200.53,0.07,-0.017,1.75,3.9,20091030,28023.1,0.65,-28.63,41.16,18.44,-3.17,30858.0,1.44,0.8,15.4547,10.9344,0.0255,1363.9276,3.1828,1.0953,328.6771,5.9411,60.5948,0.7402,486.355,-3.6369,,-4.7086,-33.8819,-108.2258,2.2453
97,亨通光电,1.1547,0.9371,24.4407,703.7091,37.1291,62.8709,0.0547,0.051,0.7,0.0811,8.9505,通信设备,江苏,17.32,18.6,19.04,3875070.0,2578670.0,599596.13,319589.38,1.68,0.24,6.77,2.45,20030822,749581.0,3.94,7.45,-5.18,18.57,6.72,186400.0,20.38,7.47,18.9154,2531.5871,1.3298,33865.7624,17.7895,4.9922,72.1125,5.846,61.5806,1.5459,232.8741,30.5025,18.4102,22.0445,28.8167,-18.5997,20.0463
98,烽火通信,1.3418,0.7744,22.1761,426.2263,36.7604,63.2396,0.0145,0.012,0.3872,0.019,2.0071,通信设备,湖北,49.41,11.07,11.69,3077314.0,2471668.25,264276.44,546169.69,4.67,0.14300000000000002,8.71,3.24,20010823,382394.53,3.27,14.9,19.71,24.68,3.42,82168.0,8.43,3.48,23.2582,843.8595,0.722,24235.2388,20.7369,3.5813,100.5222,1.7905,201.0612,1.0107,356.1888,15.0977,0.3798,4.0191,0.3078,-2.5641,5.0584
99,特发信息,1.3207,0.9188,22.4405,553.3294,36.5541,63.4459,-0.0142,-0.0107,-0.2591,-0.0169,-1.8981,通信设备,深圳,64.22,7.31,7.52,751390.63,562276.13,68718.92,73884.7,0.98,0.049,3.13,3.99,20000511,84200.86,1.12,2.55,-28.06,14.54,2.93,99043.0,11.89,4.83,16.2961,275.6505,0.4396,5706.0011,9.1005,2.5092,143.472,3.1248,115.2074,1.121,321.1418,4.2559,5.249,16.413,24.0837,3.7771,16.9203
100,硕贝德,0.9606,0.7433,21.9727,324.858,36.16,63.84,0.2294,0.215,5.5564,0.3368,37.5376,通信设备,广东,77.29,3.67,4.07,200042.22,118126.57,60412.82,202.41,0.0,0.045,1.46,9.51,20120608,15304.75,0.38,7.44,17.48,23.14,4.7,29931.0,10.83,3.62,21.7898,62.4007,0.1534,1722.362,4.2342,4.2776,84.1593,5.6559,63.6503,1.5418,233.4933,-16.6993,164.8766,-6.5248,-8.6513,7.1429,-4.9653
101,工业富联,1.484,1.1912,48.6719,-6093.0302,36.0635,63.9365,0.053,0.1097,1.3015,0.1716,17.1938,通信设备,深圳,20.44,16.09,198.44,16942480.0,15897840.0,719936.38,2521415.75,1.27,0.15,3.81,3.11,20180608,2958454.0,1.49,3.12,8.31,8.18,3.59,303691.0,23.37,4.06,8.6407,16902.307,0.8581,415377.69700000004,21.0901,5.0462,71.3408,10.3942,34.6347,2.5437,141.5261,17.1583,4.2394,156.6998,34.9989,-5.2632,156.7184
102,立昂技术,1.1613,1.0165,23.2903,861.5362,32.9791,67.0209,-0.3609,-0.1737,-5.836,-0.2592,-26.5666,通信设备,新疆,44.67,0.48,1.62,330165.19,144519.34,19028.65,149644.42,9.24,0.23,13.1,2.52,20170126,23780.92,1.47,203.33,637.46,32.74,11.19,10544.0,9.02,6.18,25.8948,41.3535,0.4034,668.7215,6.5241,1.1101,324.2951,3.2636,110.3076,0.6262,574.8962,-31.2865,-48.545,7.2572,0.3431,-50.0,7.2572
103,四创电子,1.0825,0.8122,32.3441,730.3623,32.3788,67.6212,0.0252,0.0178,0.5058,0.0263,2.9165,通信设备,安徽,0.0,1.37,1.59,688809.63,435113.44,79760.15,91107.11,5.72,-0.363,14.65,2.97,20040510,110769.9,6.96,2.12,1.98,17.63,-19.31,15314.0,10.76,4.9,14.948,257.2967,1.6163,5246.3856,32.959,3.3245,108.287,4.0785,88.2677,1.1385,316.2055,3.7482,27.3981,11.0815,15.4357,26.5625,11.0709
104,邦讯技术,1.3526,1.137,4.9819,-7430.8684,32.3152,67.6848,0.5472,0.1353,,0.1998,24.8352,通信设备,北京,0.0,1.91,3.2,70284.25,52287.09,878.2,33406.01,1.04,-0.049,0.58,12.65,20120508,-49192.93,-1.54,-83.59,-1101.81,19.08,-137.17,34056.0,-218.79,-256.07,35.3957,-441.9593,-1.3809,172.5904,0.5392,0.4445,809.8988,0.5002,719.7121,0.2439,1476.0148,-44.3077,,-65.9842,-37.4316,213.8636,-68.6253
105,*ST北讯,0.4772,0.4281,4.7799,-208.8165,31.2774,68.7226,0.2988,0.0506,,0.0736,13.3242,通信设备,深圳,0.0,7.09,10.87,1843545.25,539740.06,256703.91,475903.34,4.38,-0.09,4.49,0.62,20100210,-99171.81,-0.91,-67.76,-193.97,7.36,-35.61,31522.0,-22.22,-41.06,24.9554,-1107.271,-1.0184,2696.4922,2.4802,2.3054,156.1551,8.2123,43.8367,1.0239,351.5968,28.6573,-610.0748,-18.1596,26.3844,-574.8603,-18.1596
106,超讯通信,1.3959,1.3111,33.673,326.046,30.4554,69.5446,0.035,0.022000000000000002,0.8942,0.0317,3.5807,通信设备,广东,0.0,0.63,1.57,216017.22,180559.02,6080.23,22177.57,1.42,-0.146,2.98,7.39,20160728,13214.86,0.84,34.04,-237.44,17.48,-7.88,16578.0,5.08,1.78,21.3011,24.8428,0.2218,1394.5443,12.4512,1.3532,266.0361,16.9789,21.2028,0.8874,405.6795,46.9808,155.0352,37.3124,71.7084,-7.4074,-0.3834
107,*ST新海,1.0243,0.985,22.6745,-318.9742,30.0765,69.9235,-0.0685,-0.0107,,-0.0153,-2.1441,通信设备,江苏,0.0,9.36,13.75,501956.06,270041.03,67765.49,5457.81,0.04,-0.031,0.92,2.16,20061130,-23854.17,-0.17,-23.84,-333.13,25.64,-61.79,86240.0,-34.52,-59.56,15.2136,-452.2381,-0.3289,759.2171,0.5522,1.9196,187.5391,5.442,66.1521,0.3669,981.1938,-52.6884,,-23.1866,5.3659,292.8571,-24.7391
108,日海智能,1.2323,0.6364,12.3801,221.083,29.8809,70.1191,-0.1847,-0.1185,-11.6933,-0.16899999999999998,-18.2962,通信设备,深圳,215.32,3.11,3.12,686745.13,548139.13,30044.01,105721.51,3.39,0.023,6.53,3.04,20091203,60753.65,1.95,136.45,477.43,15.08,0.51,20000.0,3.53,1.62,17.6528,71.697,0.2297,4420.0888,14.1669,3.3812,106.4711,1.6013,224.8173,0.9063,397.2195,47.8396,-29.8056,1.3566,38.5624,-30.303,2.2555
109,航天通信,1.2105,1.0976,8.807,473.0862,28.76,71.24,0.0032,0.0024,0.1063,0.0034,0.3798,通信设备,浙江,17.42,4.16,5.22,1567877.13,1179119.25,170586.31,212387.3,4.07,0.23800000000000002,6.82,2.43,19930928,89480.46,1.71,-43.12,1055.0,16.08,7.86,91700.0,6.11,1.67,14.0245,209.828,0.4021,12505.5824,23.9666,1.8525,194.332,7.7274,46.5875,1.0254,351.0825,22.6568,52.3452,7.8751,8.7757,110.5263,5.2918
110,凯乐科技,1.2242,1.0082,9.5262,317.7381,27.3045,72.6955,0.0965,0.0753,1.7881,0.1036,10.6434,通信设备,湖北,9.17,6.76,7.15,1894079.63,1607777.75,89648.46,219524.0,3.07,0.504,8.25,2.24,20000706,262857.63,3.68,5.39,18.75,15.72,9.2,39380.0,16.33,5.33,15.1137,904.7315,1.2657,16957.8367,23.724,23.5536,15.2843,4.6763,76.9839,0.9823,366.4868,12.0185,13.5312,15.9507,16.753,18.0556,17.7865
111,东山精密,0.8779,0.661,17.1229,242.1696,27.0933,72.9067,0.0709,0.0451,1.7331,0.0619,7.6394,通信设备,江苏,29.23,11.62,16.07,2893161.25,1407635.38,962927.31,533217.63,3.32,0.124,5.4,2.68,20100409,176349.69,1.1,26.44,31.39,15.33,4.43,41632.0,9.63,4.09,15.9569,811.0624,0.5048,19825.42,12.3401,3.2260000000000004,111.5933,4.5241,79.5738,1.3364,269.3804,28.8238,52.9007,8.2541,40.7994,-7.4074,8.254
112,中兴通讯,1.0388,0.759,27.1768,-2519.0114,25.4816,74.5184,-0.1078,-0.0712,,-0.0956,-10.3107,通信设备,深圳,37.63,34.34,41.93,13987571.0,10188720.0,909558.88,1152120.25,2.75,0.20600000000000002,5.66,5.47,19971118,784586.5,1.87,-19.34,115.95,39.97,3.89,361194.0,-23.95,-8.16,32.9137,-6983.661999999999,-1.6656,85513.15,20.3958,3.5925,100.2088,2.2389,160.7932,0.8505,423.2804,-21.4144,-229.0178,-27.3676,-10.1495,-253.21099999999998,-28.8474
113,华讯方舟,0.8894,0.7763,22.1838,-169.0146,25.3382,74.6618,0.0547,0.0198,,0.0265,2.6579,通信设备,河北,0.0,7.53,7.66,399509.69,258610.97,23154.21,89808.15,1.17,-0.027000000000000003,1.27,5.54,19970221,-63736.95,-0.83,-16.09,-218.21,13.07,-6.6,62436.0,-49.1,-32.16,31.6352,-488.3309,-0.6373,1518.1294,1.9813,1.3474,267.1812,3.7688,95.5211,0.5553,648.2982,-13.7439,-494.8713,-30.6809,-2.3236,-472.7168,-32.7843
114,闻泰科技,0.9005,0.7767,14.494,130.0457,22.0216,77.9784,0.1887,0.1931,45.3557,0.2477,24.9178,通信设备,湖北,125.97,6.37,6.37,2895482.0,1201571.25,57476.46,238160.3,3.74,0.067,5.7,5.95,19960828,56957.18,0.89,184.6,175.07,7.02,0.88,21634.0,1.69,0.35,9.0631,61.0193,0.0957,17335.1082,27.2022,5.0815,70.8452,6.553,54.9367,1.7894,201.1848,2.4762,-78.456,1.7758,55.2143,-80.7692,1.5772
115,国美通讯,0.6962,0.614,11.0986,-677.0385,8.7917,91.2083,-0.1478,-0.1429,,-0.1567,-15.9775,通信设备,山东,0.0,2.53,2.53,286958.06,183874.31,12761.99,4507.93,0.18,-0.145,0.16,51.81,19960418,-36627.51,-1.45,-49.63,-803.27,5.84,-8.8,22142.0,-501.73,-14.48,2.9606,-381.9246,-1.5124,2637.5852,10.4448,2.7072,132.9787,7.3943,48.6862,1.4656,245.6332,19.9656,-348922.744,-55.6405,-11.4043,-3167.7485,-83.2921
116,大唐电信,0.9554,0.8425,26.5659,319.549,8.3613,91.6387,0.0804,0.0263,0.3396,0.0287,4.9328,通信设备,北京,0.0,8.8,8.82,722619.0,366729.38,53181.83,367929.41,4.17,-0.177,0.05,271.26,19981021,-456218.09,-5.17,-38.52,-1.77,34.77,-44.88,68270.0,288.28,23.98,25.3225,579.5959,0.657,2416.5,2.7394,1.7101,210.514,3.352,107.3986,0.5727,628.6014,-44.4187,,1364.7605,-15.3255,-121.8836,-152.5979
117,大唐电信,0.9554,0.8425,26.5659,319.549,8.3613,91.6387,0.0804,0.0263,0.3396,0.0287,4.9328,通信设备,北京,0.0,8.8,8.82,722619.0,366729.38,53181.83,367929.41,4.17,-0.177,0.05,271.26,19981021,-456218.09,-5.17,-38.52,-1.77,34.77,-44.88,68270.0,288.28,23.98,25.3225,579.5959,0.657,2416.5,2.7394,1.7101,210.514,3.352,107.3986,0.5727,628.6014,-44.4187,,1364.7605,-15.3255,-121.8836,-152.5979
